{
  "_comment" : "Empty ontology for WebVOWL Editor",
  "header" : {
    "languages" : [ "en" ],
    "baseIris" : [ "http://www.w3.org/2000/01/rdf-schema"],
    "iri" : "http://visualdataweb.org/newOntology/",
    "title" : {
      "en" : "New ontology"
    },
    "description" : {
      "en" : "New ontology description"
    }
  },
  "namespace" : [ ],
  "metrics" : {
    "classCount" : 0,
    "datatypeCount" : 0,
    "objectPropertyCount" : 0,
    "datatypePropertyCount" : 0,
    "propertyCount" : 0,
    "nodeCount" : 0,
    "individualCount" : 0
  }
}
